Inspection Ref No,Remedial Reference Number,Action Owner,Date Action Raised,Corrective Job Number,Remedial Works Action Required Notes,Priority,Target Completion Date,Actual Completion Date,PiC Comments,Property Inspection Ref No,Compliance or Asset Type_External Ref No,Property_Business Entity
Inspection Ref / Job No,Remedial Reference Number,Action Owner,Date Action Raised,Corrective Job Number,Remedial Works Action Required/Notes,Priority,Target Completion Date,Actual Completion Date,PiC Comments,Property Inspection Ref. No.,Asset No,Business Entity
323.100.-PWR-29012024-12361,323.100.-PWR-29012024-12361-35062,NSC,29/01/2024,,"together to be repaired. - Client-ID:0000661950, - Serial Number:111712509",Moderate,27/07/2024,,,,323.100.PWR,323.100.
323.100.-PWR-29012024-12361,323.100.-PWR-29012024-12361-35069,NSC,29/01/2024,,"operators use. - Client-ID:0000672079, - Serial Number:9452004003",Moderate,27/07/2024,,,,323.100.PWR,323.100.
323.100.-PWR-29012024-12361,323.100.-PWR-29012024-12361-35070,NSC,29/01/2024,,"Royal mail asset number to be clearly marked - Client-ID:000000000000027, - Serial Number:None",Moderate,27/07/2024,,,,323.100.PWR,323.100.
323.100.-PWR-29012024-12361,323.100.-PWR-29012024-12361-35074,NSC,29/01/2024,,"lower portion of the door has impact damage to be repaired. - Client-ID:0000661948, - Serial Number:None",Moderate,27/07/2024,,,,323.100.PWR,323.100.
