Inspection Ref No,Remedial Reference Number,Action Owner,Date Action Raised,Corrective Job Number,Remedial Works Action Required Notes,Priority,Target Completion Date,Actual Completion Date,PiC Comments,Property Inspection Ref No,Compliance or Asset Type_External Ref No,Property_Business Entity
Inspection Ref / Job No,Remedial Reference Number,Action Owner,Date Action Raised,Corrective Job Number,Remedial Works Action Required/Notes,Priority,Target Completion Date,Actual Completion Date,PiC Comments,Property Inspection Ref. No.,Asset No,Business Entity
2793.100.-PWR-01022024-12337,2793.100.-PWR-01022024-12337-34886,NSC,01/02/2024,,"main barrier cross beam is distorted to be repaired. - Client-ID:0000203750, - Serial Number:None",Moderate,30/07/2024,,,,2793.100.PWR,2793.100.
2793.100.-PWR-01022024-12337,2793.100.-PWR-01022024-12337-34913,NSC,01/02/2024,,"Left hand door guide rail is missing multiple bracket fixings to be replaced. - Client-ID:0000203748, - Serial Number:None",Moderate,30/07/2024,,,,2793.100.PWR,2793.100.
2793.100.-PWR-01022024-12337,2793.100.-PWR-01022024-12337-34924,NSC,01/02/2024,,"no safety prop present in lift pit or motor room this is to be rectified. - Client-ID:0000664500, - Serial Number:16/5035",Moderate,30/07/2024,,,,2793.100.PWR,2793.100.
