Inspection Ref No,Remedial Reference Number,Action Owner,Date Action Raised,Corrective Job Number,Remedial Works Action Required Notes,Priority,Target Completion Date,Actual Completion Date,PiC Comments,Property Inspection Ref No,Compliance or Asset Type_External Ref No,Property_Business Entity
Inspection Ref / Job No,Remedial Reference Number,Action Owner,Date Action Raised,Corrective Job Number,Remedial Works Action Required/Notes,Priority,Target Completion Date,Actual Completion Date,PiC Comments,Property Inspection Ref. No.,Asset No,Business Entity
2790.100.-PWR-26012024-12332,2790.100.-PWR-26012024-12332-34775,NSC,26/01/2024,,"prevent further deterioration - Client-ID:A41TURNSTILE01, - Serial Number:None",Moderate,24/07/2024,,,,2790.100.PWR,2790.100.
2790.100.-PWR-26012024-12332,2790.100.-PWR-26012024-12332-34778,NSC,26/01/2024,,"Multiple barrier fixings missing or insecure to be rectified. - Client-ID:0000056634, - Serial Number:None",Moderate,24/07/2024,,,,2790.100.PWR,2790.100.
2790.100.-PWR-26012024-12332,2790.100.-PWR-26012024-12332-34781,NSC,26/01/2024,,"Multiple barrier fixings are loose and insecure these are to be rectified. - Client-ID:0000664346, - Serial Number:None",Moderate,24/07/2024,,,,2790.100.PWR,2790.100.
