Inspection Ref No,Remedial Reference Number,Action Owner,Date Action Raised,Corrective Job Number,Remedial Works Action Required Notes,Priority,Target Completion Date,Actual Completion Date,PiC Comments,Property Inspection Ref No,Compliance or Asset Type_External Ref No,Property_Business Entity
Inspection Ref / Job No,Remedial Reference Number,Action Owner,Date Action Raised,Corrective Job Number,Remedial Works Action Required/Notes,Priority,Target Completion Date,Actual Completion Date,PiC Comments,Property Inspection Ref. No.,Asset No,Business Entity
2738.100.-PWR-31012024-12330,2738.100.-PWR-31012024-12330-34772,NSC,31/01/2024,,"system of work should be in place for undertaking maintenance and repair on this item & - Client-ID:0000170125, - Serial Number:9135232",Moderate,29/07/2024,,,,2738.100.PWR,2738.100.
2738.100.-PWR-31012024-12330,2738.100.-PWR-31012024-12330-34776,NSC,31/01/2024,,"& safety signage displayed. Trip hazards on floor to identify - Client-ID:0000189966, - Serial Number:842201",Moderate,29/07/2024,,,,2738.100.PWR,2738.100.
2738.100.-PWR-31012024-12330,2738.100.-PWR-31012024-12330-39383,NSC,31/01/2024,,"clearly mark the asset number. Electrical isolator to be clearly identified - Client-ID:000000000000136, - Serial Number:None",Moderate,29/07/2024,,,,2738.100.PWR,2738.100.
